{
  "generation_date": "2025-06-26T18:08:40.691847",
  "days_generated": 30,
  "total_metrics": 8640,
  "total_logs": 72000,
  "failure_rate": 0.08449074074074074,
  "error_rate": 0.10134722222222223
}